<?xml version="1.0" encoding="UTF-8" standalone="yes"?>
<manifest>
  <control namespace="GlowingTextcomponent24" constructor="GlowingText24" version="0.0.1" display-name-key="GlowingText24" description-key="GlowingText24 description" control-type="standard" api-version="1.3.14">
    <external-service-usage enabled="false"/>
    <property name="MethiGamer1" display-name-key="Property_GlowText" description-key="Property_GlowText" of-type="SingleLine.Text" usage="bound" required="true"/>
    <property name="TextSize" display-name-key="Property_TextSize" description-key="Property_TextSize" of-type="SingleLine.Text" usage="input" required="true"/>
    <property name="TextColor" display-name-key="Property_TextColor" description-key="Property_TextColor" of-type="SingleLine.Text" usage="input" required="true"/>
    <property name="TextAlign" display-name-key="Property_TextAlign" description-key="Property_TextAlign" of-type="SingleLine.Text" usage="input" required="true"/>
    <property name="TextWeight" display-name-key="Property_TextWeight" description-key="Property_TextWeight" of-type="SingleLine.Text" usage="input" required="true"/>
    <resources>
      <code path="bundle.js" order="1"/>
      <css path="css/GlowingText24.css" order="1"/>
    </resources>
    <built-by name="pac" version="1.32.5"/>
  </control>
</manifest>